Product Name,Product Link
Head First Java: A Brain-Friendly Guide,https://www.amazon.com/Head-First-Java-Brain-Friendly-Guide/dp/1491910771/ref=sr_1_1?dib=eyJ2IjoiMSJ9.nJ2B03AsB6UWOgYqXsdEPcB0pixSS5_ZgDsNjyDL-wzPqSfvtyUN-N5eKHi0y5uKO9R8ooSttt_wBhL-42hwlF7Hwd8iGGH0J8y2Z2C-mkqlZy9FIESG5dQpc_eoVDNwstkd5FXuQmYY3mQRKArM2rOJYjMgHOEJ5vk8rHNyWitb-BAjZK8C_P0x4uDe4GsG3aVMP2j8AmFfyhHIicUKZ8ObvqCFsQ_lK7V6_qkmQkM.Av_OPVLWdVXSEPMBMgBI9xuF1cMoLcznkZgzqhtRu8k&dib_tag=se&keywords=java+books&qid=1724126584&s=books&sr=1-1
High Performance with Java: Discover strategies and best practices to develop high performance Java applications,https://www.amazon.com/High-Performance-Java-performance-applications/dp/1835469736/ref=sr_1_2?dib=eyJ2IjoiMSJ9.nJ2B03AsB6UWOgYqXsdEPcB0pixSS5_ZgDsNjyDL-wzPqSfvtyUN-N5eKHi0y5uKO9R8ooSttt_wBhL-42hwlF7Hwd8iGGH0J8y2Z2C-mkqlZy9FIESG5dQpc_eoVDNwstkd5FXuQmYY3mQRKArM2rOJYjMgHOEJ5vk8rHNyWitb-BAjZK8C_P0x4uDe4GsG3aVMP2j8AmFfyhHIicUKZ8ObvqCFsQ_lK7V6_qkmQkM.Av_OPVLWdVXSEPMBMgBI9xuF1cMoLcznkZgzqhtRu8k&dib_tag=se&keywords=java+books&qid=1724126584&s=books&sr=1-2
Effective Java,https://www.amazon.com/Effective-Java-Joshua-Bloch/dp/0134685997/ref=sr_1_3?dib=eyJ2IjoiMSJ9.nJ2B03AsB6UWOgYqXsdEPcB0pixSS5_ZgDsNjyDL-wzPqSfvtyUN-N5eKHi0y5uKO9R8ooSttt_wBhL-42hwlF7Hwd8iGGH0J8y2Z2C-mkqlZy9FIESG5dQpc_eoVDNwstkd5FXuQmYY3mQRKArM2rOJYjMgHOEJ5vk8rHNyWitb-BAjZK8C_P0x4uDe4GsG3aVMP2j8AmFfyhHIicUKZ8ObvqCFsQ_lK7V6_qkmQkM.Av_OPVLWdVXSEPMBMgBI9xuF1cMoLcznkZgzqhtRu8k&dib_tag=se&keywords=java+books&qid=1724126584&s=books&sr=1-3
"Python, Java, SQL & JavaScript: The Ultimate Crash Course for Beginners to Master the 4 Most In-Demand Programming Languages, Stand Out from the Crowd and Find High-Paying Jobs!",https://www.amazon.com/sspa/click?ie=UTF8&spc=MTo1NDYxNjA5MjQ0NTMwNzYxOjE3MjQxMjY1ODQ6c3Bfc2VhcmNoX3RoZW1hdGljOjMwMDI4ODA1MjcwMzcwMjo6MDo6&url=%2FPython-Java-SQL-JavaScript-Demand%2Fdp%2FB0CWD8SJCN%2Fref%3Dsxin_16_pa_sp_search_thematic_sspa%3Fcontent-id%3Damzn1.sym.4dd028e5-8885-4eb8-ace1-bb7a46f96ef1%253Aamzn1.sym.4dd028e5-8885-4eb8-ace1-bb7a46f96ef1%26cv_ct_cx%3Djava%2Bbooks%26dib%3DeyJ2IjoiMSJ9.gRuWZE8HJuzpxUG6L9267E9JEyqDEmxbWK-4FnaTjWc2S_v4NFswyLiAFxFjjbz2pBrZkNkaVARtuuIbPUQggw.QQmAmPwILTDdEQmHcVdxmFHrsKAhYXFmxO3VIMuHiYA%26dib_tag%3Dse%26keywords%3Djava%2Bbooks%26pd_rd_i%3DB0CWD8SJCN%26pd_rd_r%3D75fae886-5f58-4b63-885f-cabed3699310%26pd_rd_w%3DoYYQc%26pd_rd_wg%3DKe5tC%26pf_rd_p%3D4dd028e5-8885-4eb8-ace1-bb7a46f96ef1%26pf_rd_r%3D67SB69VMXTQF1K8Y9XZ6%26qid%3D1724126584%26s%3Dbooks%26sbo%3DRZvfv%252F%252FHxDF%252BO5021pAnSA%253D%253D%26sr%3D1-1-e20883f9-9d72-4842-a3e6-e1cd54d2b900-spons%26sp_csd%3Dd2lkZ2V0TmFtZT1zcF9zZWFyY2hfdGhlbWF0aWM%26psc%3D1
"Modern Java in Action: Lambdas, streams, functional and reactive programming",https://www.amazon.com/sspa/click?ie=UTF8&spc=MTo1NDYxNjA5MjQ0NTMwNzYxOjE3MjQxMjY1ODQ6c3Bfc2VhcmNoX3RoZW1hdGljOjIwMDE1MzcxNjE0OTc5ODo6MTo6&url=%2FModern-Java-Action-functional-programming%2Fdp%2F1617293563%2Fref%3Dsxin_16_pa_sp_search_thematic_sspa%3Fcontent-id%3Damzn1.sym.4dd028e5-8885-4eb8-ace1-bb7a46f96ef1%253Aamzn1.sym.4dd028e5-8885-4eb8-ace1-bb7a46f96ef1%26cv_ct_cx%3Djava%2Bbooks%26dib%3DeyJ2IjoiMSJ9.gRuWZE8HJuzpxUG6L9267E9JEyqDEmxbWK-4FnaTjWc2S_v4NFswyLiAFxFjjbz2pBrZkNkaVARtuuIbPUQggw.QQmAmPwILTDdEQmHcVdxmFHrsKAhYXFmxO3VIMuHiYA%26dib_tag%3Dse%26keywords%3Djava%2Bbooks%26pd_rd_i%3D1617293563%26pd_rd_r%3D75fae886-5f58-4b63-885f-cabed3699310%26pd_rd_w%3DoYYQc%26pd_rd_wg%3DKe5tC%26pf_rd_p%3D4dd028e5-8885-4eb8-ace1-bb7a46f96ef1%26pf_rd_r%3D67SB69VMXTQF1K8Y9XZ6%26qid%3D1724126584%26s%3Dbooks%26sbo%3DRZvfv%252F%252FHxDF%252BO5021pAnSA%253D%253D%26sr%3D1-2-e20883f9-9d72-4842-a3e6-e1cd54d2b900-spons%26sp_csd%3Dd2lkZ2V0TmFtZT1zcF9zZWFyY2hfdGhlbWF0aWM%26psc%3D1
"Java Coding Problems: Become an expert Java programmer by solving over 250 brand-new, modern, real-world problems",https://www.amazon.com/sspa/click?ie=UTF8&spc=MTo1NDYxNjA5MjQ0NTMwNzYxOjE3MjQxMjY1ODQ6c3Bfc2VhcmNoX3RoZW1hdGljOjMwMDE2MTE2MjI5OTAwMjo6Mjo6&url=%2FJava-Coding-Problems-programmer-real-world%2Fdp%2F1837633940%2Fref%3Dsxin_16_pa_sp_search_thematic_sspa%3Fcontent-id%3Damzn1.sym.4dd028e5-8885-4eb8-ace1-bb7a46f96ef1%253Aamzn1.sym.4dd028e5-8885-4eb8-ace1-bb7a46f96ef1%26cv_ct_cx%3Djava%2Bbooks%26dib%3DeyJ2IjoiMSJ9.gRuWZE8HJuzpxUG6L9267E9JEyqDEmxbWK-4FnaTjWc2S_v4NFswyLiAFxFjjbz2pBrZkNkaVARtuuIbPUQggw.QQmAmPwILTDdEQmHcVdxmFHrsKAhYXFmxO3VIMuHiYA%26dib_tag%3Dse%26keywords%3Djava%2Bbooks%26pd_rd_i%3D1837633940%26pd_rd_r%3D75fae886-5f58-4b63-885f-cabed3699310%26pd_rd_w%3DoYYQc%26pd_rd_wg%3DKe5tC%26pf_rd_p%3D4dd028e5-8885-4eb8-ace1-bb7a46f96ef1%26pf_rd_r%3D67SB69VMXTQF1K8Y9XZ6%26qid%3D1724126584%26s%3Dbooks%26sbo%3DRZvfv%252F%252FHxDF%252BO5021pAnSA%253D%253D%26sr%3D1-3-e20883f9-9d72-4842-a3e6-e1cd54d2b900-spons%26sp_csd%3Dd2lkZ2V0TmFtZT1zcF9zZWFyY2hfdGhlbWF0aWM%26psc%3D1
,https://www.amazon.com/sspa/click?ie=UTF8&spc=MTo1NDYxNjA5MjQ0NTMwNzYxOjE3MjQxMjY1ODQ6c3Bfc2VhcmNoX3RoZW1hdGljOjIwMDE0OTQxNDQ2ODA5ODo6Mzo6&url=%2FJava-Ultimate-Beginners-Quickly-Experience%2Fdp%2FB0BZ6Q7SG6%2Fref%3Dsxin_16_pa_sp_search_thematic_sspa%3Fcontent-id%3Damzn1.sym.4dd028e5-8885-4eb8-ace1-bb7a46f96ef1%253Aamzn1.sym.4dd028e5-8885-4eb8-ace1-bb7a46f96ef1%26cv_ct_cx%3Djava%2Bbooks%26dib%3DeyJ2IjoiMSJ9.gRuWZE8HJuzpxUG6L9267E9JEyqDEmxbWK-4FnaTjWc2S_v4NFswyLiAFxFjjbz2pBrZkNkaVARtuuIbPUQggw.QQmAmPwILTDdEQmHcVdxmFHrsKAhYXFmxO3VIMuHiYA%26dib_tag%3Dse%26keywords%3Djava%2Bbooks%26pd_rd_i%3DB0BZ6Q7SG6%26pd_rd_r%3D75fae886-5f58-4b63-885f-cabed3699310%26pd_rd_w%3DoYYQc%26pd_rd_wg%3DKe5tC%26pf_rd_p%3D4dd028e5-8885-4eb8-ace1-bb7a46f96ef1%26pf_rd_r%3D67SB69VMXTQF1K8Y9XZ6%26qid%3D1724126584%26s%3Dbooks%26sbo%3DRZvfv%252F%252FHxDF%252BO5021pAnSA%253D%253D%26sr%3D1-4-e20883f9-9d72-4842-a3e6-e1cd54d2b900-spons%26sp_csd%3Dd2lkZ2V0TmFtZT1zcF9zZWFyY2hfdGhlbWF0aWM%26psc%3D1
,https://www.amazon.com/sspa/click?ie=UTF8&spc=MTo1NDYxNjA5MjQ0NTMwNzYxOjE3MjQxMjY1ODQ6c3Bfc2VhcmNoX3RoZW1hdGljOjIwMDEzNDA4MDQzODc5ODo6NDo6&url=%2FLearning-Angular-no-nonsense-building-applications%2Fdp%2F1803240601%2Fref%3Dsxin_16_pa_sp_search_thematic_sspa%3Fcontent-id%3Damzn1.sym.4dd028e5-8885-4eb8-ace1-bb7a46f96ef1%253Aamzn1.sym.4dd028e5-8885-4eb8-ace1-bb7a46f96ef1%26cv_ct_cx%3Djava%2Bbooks%26dib%3DeyJ2IjoiMSJ9.gRuWZE8HJuzpxUG6L9267E9JEyqDEmxbWK-4FnaTjWc2S_v4NFswyLiAFxFjjbz2pBrZkNkaVARtuuIbPUQggw.QQmAmPwILTDdEQmHcVdxmFHrsKAhYXFmxO3VIMuHiYA%26dib_tag%3Dse%26keywords%3Djava%2Bbooks%26pd_rd_i%3D1803240601%26pd_rd_r%3D75fae886-5f58-4b63-885f-cabed3699310%26pd_rd_w%3DoYYQc%26pd_rd_wg%3DKe5tC%26pf_rd_p%3D4dd028e5-8885-4eb8-ace1-bb7a46f96ef1%26pf_rd_r%3D67SB69VMXTQF1K8Y9XZ6%26qid%3D1724126584%26s%3Dbooks%26sbo%3DRZvfv%252F%252FHxDF%252BO5021pAnSA%253D%253D%26sr%3D1-5-e20883f9-9d72-4842-a3e6-e1cd54d2b900-spons%26sp_csd%3Dd2lkZ2V0TmFtZT1zcF9zZWFyY2hfdGhlbWF0aWM%26psc%3D1
"Java: The Complete Reference, Thirteenth Edition",https://www.amazon.com/Java-Complete-Reference-Thirteenth/dp/1265058431/ref=sr_1_4?dib=eyJ2IjoiMSJ9.nJ2B03AsB6UWOgYqXsdEPcB0pixSS5_ZgDsNjyDL-wzPqSfvtyUN-N5eKHi0y5uKO9R8ooSttt_wBhL-42hwlF7Hwd8iGGH0J8y2Z2C-mkqlZy9FIESG5dQpc_eoVDNwstkd5FXuQmYY3mQRKArM2rOJYjMgHOEJ5vk8rHNyWitb-BAjZK8C_P0x4uDe4GsG3aVMP2j8AmFfyhHIicUKZ8ObvqCFsQ_lK7V6_qkmQkM.Av_OPVLWdVXSEPMBMgBI9xuF1cMoLcznkZgzqhtRu8k&dib_tag=se&keywords=java+books&qid=1724126584&s=books&sr=1-4
Java All-in-One For Dummies,https://www.amazon.com/Java-All-One-Dummies-Doug/dp/1119986648/ref=sr_1_5?dib=eyJ2IjoiMSJ9.nJ2B03AsB6UWOgYqXsdEPcB0pixSS5_ZgDsNjyDL-wzPqSfvtyUN-N5eKHi0y5uKO9R8ooSttt_wBhL-42hwlF7Hwd8iGGH0J8y2Z2C-mkqlZy9FIESG5dQpc_eoVDNwstkd5FXuQmYY3mQRKArM2rOJYjMgHOEJ5vk8rHNyWitb-BAjZK8C_P0x4uDe4GsG3aVMP2j8AmFfyhHIicUKZ8ObvqCFsQ_lK7V6_qkmQkM.Av_OPVLWdVXSEPMBMgBI9xuF1cMoLcznkZgzqhtRu8k&dib_tag=se&keywords=java+books&qid=1724126584&s=books&sr=1-5
Java: The Comprehensive Guide to Java Programming for Professionals (Rheinwerk Computing),https://www.amazon.com/Java-Comprehensive-Guide-Programming-Professionals/dp/1493222953/ref=sr_1_6?dib=eyJ2IjoiMSJ9.nJ2B03AsB6UWOgYqXsdEPcB0pixSS5_ZgDsNjyDL-wzPqSfvtyUN-N5eKHi0y5uKO9R8ooSttt_wBhL-42hwlF7Hwd8iGGH0J8y2Z2C-mkqlZy9FIESG5dQpc_eoVDNwstkd5FXuQmYY3mQRKArM2rOJYjMgHOEJ5vk8rHNyWitb-BAjZK8C_P0x4uDe4GsG3aVMP2j8AmFfyhHIicUKZ8ObvqCFsQ_lK7V6_qkmQkM.Av_OPVLWdVXSEPMBMgBI9xuF1cMoLcznkZgzqhtRu8k&dib_tag=se&keywords=java+books&qid=1724126584&s=books&sr=1-6
Learn Java the Easy Way: A Hands-On Introduction to Programming,https://www.amazon.com/Learn-Java-Easy-Way-Hands/dp/1593278055/ref=sr_1_7?dib=eyJ2IjoiMSJ9.nJ2B03AsB6UWOgYqXsdEPcB0pixSS5_ZgDsNjyDL-wzPqSfvtyUN-N5eKHi0y5uKO9R8ooSttt_wBhL-42hwlF7Hwd8iGGH0J8y2Z2C-mkqlZy9FIESG5dQpc_eoVDNwstkd5FXuQmYY3mQRKArM2rOJYjMgHOEJ5vk8rHNyWitb-BAjZK8C_P0x4uDe4GsG3aVMP2j8AmFfyhHIicUKZ8ObvqCFsQ_lK7V6_qkmQkM.Av_OPVLWdVXSEPMBMgBI9xuF1cMoLcznkZgzqhtRu8k&dib_tag=se&keywords=java+books&qid=1724126584&s=books&sr=1-7
"Core Java, Volume II: Advanced Features (Oracle Press for Java)",https://www.amazon.com/Core-Java-II-Advanced-Features/dp/0135371740/ref=sr_1_8?dib=eyJ2IjoiMSJ9.nJ2B03AsB6UWOgYqXsdEPcB0pixSS5_ZgDsNjyDL-wzPqSfvtyUN-N5eKHi0y5uKO9R8ooSttt_wBhL-42hwlF7Hwd8iGGH0J8y2Z2C-mkqlZy9FIESG5dQpc_eoVDNwstkd5FXuQmYY3mQRKArM2rOJYjMgHOEJ5vk8rHNyWitb-BAjZK8C_P0x4uDe4GsG3aVMP2j8AmFfyhHIicUKZ8ObvqCFsQ_lK7V6_qkmQkM.Av_OPVLWdVXSEPMBMgBI9xuF1cMoLcznkZgzqhtRu8k&dib_tag=se&keywords=java+books&qid=1724126584&s=books&sr=1-8
"Core Java: Fundamentals, Volume 1 (Oracle Press Java)",https://www.amazon.com/Core-Java-Fundamentals-Oracle-Press/dp/0137673620/ref=sr_1_9?dib=eyJ2IjoiMSJ9.nJ2B03AsB6UWOgYqXsdEPcB0pixSS5_ZgDsNjyDL-wzPqSfvtyUN-N5eKHi0y5uKO9R8ooSttt_wBhL-42hwlF7Hwd8iGGH0J8y2Z2C-mkqlZy9FIESG5dQpc_eoVDNwstkd5FXuQmYY3mQRKArM2rOJYjMgHOEJ5vk8rHNyWitb-BAjZK8C_P0x4uDe4GsG3aVMP2j8AmFfyhHIicUKZ8ObvqCFsQ_lK7V6_qkmQkM.Av_OPVLWdVXSEPMBMgBI9xuF1cMoLcznkZgzqhtRu8k&dib_tag=se&keywords=java+books&qid=1724126584&s=books&sr=1-9
"Core Java, Volume I: Fundamentals (Oracle Press for Java)",https://www.amazon.com/Core-Java-Fundamentals-Oracle-Press/dp/0135328373/ref=sr_1_10?dib=eyJ2IjoiMSJ9.nJ2B03AsB6UWOgYqXsdEPcB0pixSS5_ZgDsNjyDL-wzPqSfvtyUN-N5eKHi0y5uKO9R8ooSttt_wBhL-42hwlF7Hwd8iGGH0J8y2Z2C-mkqlZy9FIESG5dQpc_eoVDNwstkd5FXuQmYY3mQRKArM2rOJYjMgHOEJ5vk8rHNyWitb-BAjZK8C_P0x4uDe4GsG3aVMP2j8AmFfyhHIicUKZ8ObvqCFsQ_lK7V6_qkmQkM.Av_OPVLWdVXSEPMBMgBI9xuF1cMoLcznkZgzqhtRu8k&dib_tag=se&keywords=java+books&qid=1724126584&s=books&sr=1-10
Java: Learn Java in One Day and Learn It Well. Java for Beginners with Hands-on Project. (Learn Coding Fast with Hands-On Project),https://www.amazon.com/Java-Beginners-Hands-Project-Project/dp/B09ZHWTTML/ref=sr_1_11?dib=eyJ2IjoiMSJ9.nJ2B03AsB6UWOgYqXsdEPcB0pixSS5_ZgDsNjyDL-wzPqSfvtyUN-N5eKHi0y5uKO9R8ooSttt_wBhL-42hwlF7Hwd8iGGH0J8y2Z2C-mkqlZy9FIESG5dQpc_eoVDNwstkd5FXuQmYY3mQRKArM2rOJYjMgHOEJ5vk8rHNyWitb-BAjZK8C_P0x4uDe4GsG3aVMP2j8AmFfyhHIicUKZ8ObvqCFsQ_lK7V6_qkmQkM.Av_OPVLWdVXSEPMBMgBI9xuF1cMoLcznkZgzqhtRu8k&dib_tag=se&keywords=java+books&qid=1724126584&s=books&sr=1-11
"Modern Java in Action: Lambdas, streams, functional and reactive programming",https://www.amazon.com/Modern-Java-Action-functional-programming/dp/1617293563/ref=sr_1_12?dib=eyJ2IjoiMSJ9.nJ2B03AsB6UWOgYqXsdEPcB0pixSS5_ZgDsNjyDL-wzPqSfvtyUN-N5eKHi0y5uKO9R8ooSttt_wBhL-42hwlF7Hwd8iGGH0J8y2Z2C-mkqlZy9FIESG5dQpc_eoVDNwstkd5FXuQmYY3mQRKArM2rOJYjMgHOEJ5vk8rHNyWitb-BAjZK8C_P0x4uDe4GsG3aVMP2j8AmFfyhHIicUKZ8ObvqCFsQ_lK7V6_qkmQkM.Av_OPVLWdVXSEPMBMgBI9xuF1cMoLcznkZgzqhtRu8k&dib_tag=se&keywords=java+books&qid=1724126584&s=books&sr=1-12
"Python, Java, SQL & JavaScript: The Ultimate Crash Course for Beginners to Master the 4 Most In-Demand Programming Languages, Stand Out from the Crowd and Find High-Paying Jobs!",https://www.amazon.com/Python-Java-SQL-JavaScript-Demand/dp/B0CWD8SJCN/ref=sr_1_13?dib=eyJ2IjoiMSJ9.nJ2B03AsB6UWOgYqXsdEPcB0pixSS5_ZgDsNjyDL-wzPqSfvtyUN-N5eKHi0y5uKO9R8ooSttt_wBhL-42hwlF7Hwd8iGGH0J8y2Z2C-mkqlZy9FIESG5dQpc_eoVDNwstkd5FXuQmYY3mQRKArM2rOJYjMgHOEJ5vk8rHNyWitb-BAjZK8C_P0x4uDe4GsG3aVMP2j8AmFfyhHIicUKZ8ObvqCFsQ_lK7V6_qkmQkM.Av_OPVLWdVXSEPMBMgBI9xuF1cMoLcznkZgzqhtRu8k&dib_tag=se&keywords=java+books&qid=1724126584&s=books&sr=1-13
"Java Programming for Beginners: Learn to Code, Master Java, and Build Real-World Applications",https://www.amazon.com/Java-Programming-Beginners-Real-World-Applications/dp/B0D537TPVP/ref=sr_1_14?dib=eyJ2IjoiMSJ9.nJ2B03AsB6UWOgYqXsdEPcB0pixSS5_ZgDsNjyDL-wzPqSfvtyUN-N5eKHi0y5uKO9R8ooSttt_wBhL-42hwlF7Hwd8iGGH0J8y2Z2C-mkqlZy9FIESG5dQpc_eoVDNwstkd5FXuQmYY3mQRKArM2rOJYjMgHOEJ5vk8rHNyWitb-BAjZK8C_P0x4uDe4GsG3aVMP2j8AmFfyhHIicUKZ8ObvqCFsQ_lK7V6_qkmQkM.Av_OPVLWdVXSEPMBMgBI9xuF1cMoLcznkZgzqhtRu8k&dib_tag=se&keywords=java+books&qid=1724126584&s=books&sr=1-14
"Java: The Complete Reference, Twelfth Edition",https://www.amazon.com/Java-Complete-Reference-Herbert-Schildt/dp/1260463419/ref=sr_1_15?dib=eyJ2IjoiMSJ9.nJ2B03AsB6UWOgYqXsdEPcB0pixSS5_ZgDsNjyDL-wzPqSfvtyUN-N5eKHi0y5uKO9R8ooSttt_wBhL-42hwlF7Hwd8iGGH0J8y2Z2C-mkqlZy9FIESG5dQpc_eoVDNwstkd5FXuQmYY3mQRKArM2rOJYjMgHOEJ5vk8rHNyWitb-BAjZK8C_P0x4uDe4GsG3aVMP2j8AmFfyhHIicUKZ8ObvqCFsQ_lK7V6_qkmQkM.Av_OPVLWdVXSEPMBMgBI9xuF1cMoLcznkZgzqhtRu8k&dib_tag=se&keywords=java+books&qid=1724126584&s=books&sr=1-15
Learn Java with Projects: A concise practical guide to learning everything a Java professional really needs to know,https://www.amazon.com/Learn-Java-Projects-everything-professional/dp/1837637180/ref=sr_1_16?dib=eyJ2IjoiMSJ9.nJ2B03AsB6UWOgYqXsdEPcB0pixSS5_ZgDsNjyDL-wzPqSfvtyUN-N5eKHi0y5uKO9R8ooSttt_wBhL-42hwlF7Hwd8iGGH0J8y2Z2C-mkqlZy9FIESG5dQpc_eoVDNwstkd5FXuQmYY3mQRKArM2rOJYjMgHOEJ5vk8rHNyWitb-BAjZK8C_P0x4uDe4GsG3aVMP2j8AmFfyhHIicUKZ8ObvqCFsQ_lK7V6_qkmQkM.Av_OPVLWdVXSEPMBMgBI9xuF1cMoLcznkZgzqhtRu8k&dib_tag=se&keywords=java+books&qid=1724126584&s=books&sr=1-16
